extracted_app,count,summary
Keine Empfehlung,6,"Keine klare Empfehlung, da die Wahl einer KI-Anwendung von den spezifischen Bedürfnissen des Vereins abhängt."
Gemini,4,"Gemini wurde empfohlen, weil es leicht zu handhaben und zu verstehen ist, aber es erfordert auch Nacharbeit, um seine volle Leistung zu nutzen. Es ist ein gutes Tool, aber es muss richtig eingesetzt werden, um seine volle Leistung zu nutzen."
Canva,5,"Canva wird aufgrund seiner Fähigkeit, Charities zu unterstützen, empfohlen, da es die Integration von KI-Funktionen und die einfache Betreuung von Social-Media-Kanälen bietet."
Copilot,2,"Copilot wird empfohlen, da er Vereinen hilft, effizienter zu arbeiten und ihre Produktivität zu steigern."
Microsoft Copilot,2,Microsoft Copilot ist aufgrund seiner Bedienbarkeit und des umfangreichen Angebots zu empfehlen.
Perplexity,2,"Wegen seiner Vorteile wurde Perplexity empfohlen, da es einen Zugang ohne Registrierung bietet, was es Vereinen ermöglicht, es ohne langwierige Registrierungsprozesse zu nutzen."
Vialinked,1,Verbesserung der Erreichbarkeit und Sichtbarkeit durch Veranstaltungsplanung mit Vialinked.
ChatGPT,19,"ChatGPT wird aufgrund seiner Bedienbarkeit, seiner Schnelligkeit, seiner Kostenlosigkeit und seiner Vielseitigkeit empfohlen."
Midjourney,1,"Midjourney wird dringend empfohlen, weil es nicht nur als Discord-Bot funktioniert."
